Company Name,Company URL,Date,View Count,Photo Count,File Count,File Size,Content
EAGLE SCHOOL,http:// www.eagleschool.org,"SEP 15, 2024",2648,0 photos,0 files,0.00 GB,"EAGLE School is an independent, kindergarten through eighth grade school dedicated to serving gifted and talented students. We focus on providing a challenging academic curriculum along with supportive social-emotional guidance. All classes have 15 students or less, and our beautiful, modern campus is in a natural setting adjacent to parks, trails, woods, and wetlands."
ATLANTICICE.COM,http://www.atlanticice.com/,"SEP 9, 2024",8278,4 photos,11504 files,18.00 GB,Since 1940 we have only serviced commercial refrigeration and ice machines. We are the preferred choice of leading manufacturers for their warranty repairs in Philadelphia and the surrounding counties.
PHOENIX AIR CONDITIONING & HEATING,http://www.phoenixairca.com/,"SEP 9, 2024",8160,0 photos,44129 files,174.00 GB,"PHOENIX AIR CONDITIONING & HEATING Since 1997 Mike Van Deren, owner and operator of Phoenix Air Conditioning & Heating, has been a leader in heating and air conditioning services in Orange County. His standards of ethics and excellence in the service, maintenance, and installation of heating and air conditioning products have made Phoenix Air Conditioning & Heating an industry leader throughout Southern California."
EXITZ TECHNOLOGIES,http://www.exitz.com/,"SEP 9, 2024",8182,8 photos,57538 files,65.00 GB,Exitz Technologies is a company that operates in the Research & Development industry. It employs 10to19 people and has 1Mto5M of revenue.
CAM | TYRE TRADE SYSTEMS & SOLUTIONS,http://www.cam-systems.co.uk/,"SEP 8, 2024",8148,3 photos,0 files,0.00 GB,"CAMEO and CAM APPs The leading Tyre Trade Business Management Software from CAM CAMEO CAM is the creator of CAMEO – the leading, all-in-one Business Management System specifically designed for the Tyre Trade. CAMEO offers a scalable solution for every business in the industry, from manufacturer to wholesaler, from multi-site retail groups to independent tyre depots. CAMEO’s key features include sales and ordering, stock control, integrated accounts, purchasing, pricing, workshop diary and customer / supplier management. CAMEO is available as an onsite installation or as a hosted system via CAM CLOUD."
MILLSBORO ANIMAL HOSPITAL,http://https//www.zoominfo.com/c/millsboro-animal-hospital/1235505334,"SEP 7, 2024",10272,2 photos,0 files,0.00 GB,"Business Description Healthcare Services is located in Delaware, United States. This organization primarily operates in the Animal Hospital Services, Pets and other Animal Specialties business / industry within the Agricultural Services sector."
KINGSMILL RESORT,http://www.kingsmill.com/,"SEP 6, 2024",4887,8 photos,252971 file,206.00 GB,"Welcome to Kingsmill Resort! Beautifully located on the banks of America’s “founding river” and nestled into the quaint luxury of southern Virginia, Kingsmill is where your next great adventure begins. Experience the thrill of our three championship golf courses, a world-class fitness center, exquisite pools, fine dining, a delightful spa for ultimate relaxation, and endless family fun. Book at Kingsmill Resort today - your Williamsburg getaway awaits."
TURMAN,http://www.turmaninc.com/,"SEP 3, 2024",13553,21 photo,23836 files,78.00 GB,"Turman Commercial Painters offers our customers the benefits of consistent high quality results and multiple offices nationwide, all under one owner. Founded in 1972, we’ve acquired unmatched industry expertise with a 100% job completion rate and a dedication to quality and customer service. We’re grounded in the merit shop philosophy–that work should be awarded on the basis of qualifications, performance and price, in an open marketplace. Providing quality workmanship in a safe environment, for fair prices, is the way we choose to do business. As part of our organizational goal to be the key creator of quality environments in the nation, Turman Commercial Painters partnered with Washington Commercial Painters and established Oregon Commercial Painters. Together we represent one of the largest paint and graphics contractors in the country. We deliver skilled manpower and superior products, with a single point of contact, on a scale our competition can’t match. Let Turman Commercial Painters 50 years of commercial painting and graphics experience work for you."
RISSER OIL,http://https//risseroil.com/,"AUG 29, 2024",17723,0 photos,0 files,200.00 GB,"P. N. Risser, Jr. became a distributor of petroleum products in parts of Pennsylvania, Maryland and West Virginia in the 1930’s. Mr. Risser and his family soon joined his parents as winter visitors in St. Petersburg each winter. One winter in St. Petersburg Mr. Risser decided to purchase a small Texaco distributorship in Pinellas County. In 1964 he was joined by his son, P. N. “Bud” Risser. They grew the St. Petersburg business and began acquiring Shell distributorships in North Florida in the 1970s. Bud eventually acquired the Texaco business from his father, “Pete” Risser moved to Lake City to focus on that business until his death decades later."
STILLER AESTHETICS,http://www.stilleraesthetics.com/,"AUG 29, 2024",17177,24 photos,30636 files,249.00 GB,"Stiller Aesthetics offers a serene atmosphere with total privacy to ensure that our patients feel comfortable and relaxed.Stiller Aesthetics has been a part of the Spokane community for the last 3 years. At Stiller Aesthetics, our goal is to help you become the you, you want to be. We want our patients to feel comfortable and confident from the consultation to the last post-operative appointment. The Stiller Aesthetics team is knowledgeable and will work hard to ensure you have the best surgery experience possible. Each member of our staff is educated and proficient in their role to best support you. Our number one goal is to make sure all patients feel heard and supported in their journeys."
JM THOMPSON,http://https//jmthompson.com/,"AUG 28, 2024",15133,15 photos,31269 files,61.00 GB,"""JMT is owned and operated by John, Dickie, and Marty Thompson, brothers who represent the third generation of a family business. JMT offers a full range of pre-construction, design-build, general contracting, and construction management services. For over 100 years, building owners and industry professionals have chosen JMT, not only because we provide quality work at a fair price, but because we prove time and time again that commitment and hard work deliver successful projects."""
KAHLE CPA,http:// www.kahle-cpa.com,"AUG 26, 2024",7656,16 photos,175669 files,426.00 GB,"Kahle CPA PA is a company that operates in the Accounting Services industry. It employs 1to4 people and has 1Mto5M of revenue. We offer a broad range of services for business owners, executives, and independent professionals. We are affordable, experienced, and friendly.The information what we have will be available for downloading in 7 days."
BROOKSHIRE DENTAL - HOSPITALS & CLINICS,http://www.brookshiredental.com/,"AUG 26, 2024",20565,5 photos,63671 file,95.00 GB,"Dr. Frieda V. Brookshire has been providing dental care in Tustin for over 22 years and practices compassionate, gentle dentistry. She also employs cutting-edge dental technology to ensure precision and comfort while you are in her chair."
DT-TECHNOLOGIES,http:// www.dttechnologies.eu,"AUG 25, 2024",21025,16 photos,604929 files,429.00 GB,"DT GROUP ! We specialize in the manufacturing, purchasing and reselling of products essential for your machine tools. Our expertise focuses on clamping solutions, such as different types of work holding tools, and all types of clamping devices like collets and clamping heads, which play a crucial role in these processes. Our high-quality clamping devices are designed to meet the specific needs of the machine tool industry. Whether for tool clamping, bar clamping or workpiece clamping, we offer a wide range of reliable, high-performance collets and work holding clamps. We also offer emergency collets for sale when needed."
MELI (BCYF & BETHANY),http://https//www.meli.org.au/,"AUG 21, 2024",20667,14 photos,419617 files,215.00 GB,"Meli is a Victorian not-for-profit committed to strengthening communities through supporting people. We offer a unique combination of services to support members of our community throughout their lifetime, from early childhood through to adolescence and adulthood. Meli’s heritage and unique combination of services allow for an insightful approach to wellbeing. Using our breadth and depth of expertise to innovate and contribute to our community through preventative, strengthening programs."
MASON CITY RECYCLING CENTER,http://www.mcrecycling.com/,"AUG 19, 2024",18533,0 photos,0 files,0.00 GB,"Mason City Recycling Center has been manufacturing low dust Comfort Zone Cellulose since 1979. Family owned and operated. As our business grew, we relocated to our 50,000 square feet., 15 acre facility where we also operate our MRF (material recovery facility) which accepts and processes all types of recycling material. In 2012 we were voted Iowa’s top recycling center."
AMCO METAL INDUSTRIAL CORPORATION,http://amcocorporation.com/,"AUG 16, 2024",20750,4 photos,12699 files,24.00 GB,"Amco Metal Industrial Corporation - Home Services, Roofing contractors, Other construction 461 SOUTH 7 TH AVECITY OF INDUS, CA 9174600000, US6268552550 Phone:(626) 855-2550 Toll Free:(888) 322-2626 Email:info@amcocorporation.com Fax:(626) 855-2551 Facebook Profile: https://www.facebook.com/157717484262778/ Yelp Page:https://www.yelp.com/biz/amco-metals-industrial-city-industry website: amcocorporation.com"
HIESMAYR HAUSTECHNIK,http://www.hiesmayr.at/,"AUG 16, 2024",20727,0 photos,35463 files,32.00 GB,"Hiesmayr Haustechnik GmbH is a company that operates in the Commercial & Residential Construction industry. It employs 20to49 people and has 5Mto10. Our many years of experience in projects with complex requirements make us well-equipped for all tasks related to ventilation Heating Sanitary service a competent and reliable partner. Our aim has always been to reconcile economic efficiency, environmental compatibility and human well-being through the use of the most modern and efficient technology ."
LORANSRL,http://https//www.loransrl.eu,"AUG 15, 2024",20845,0 photos,27148 files,24.00 GB,"Our company history begins in 1988. An entrepreneurial reality that presents itself as a ""workshop of innovation and talent"". We immediately established ourselves as leaders in the scientific-health sector, proving ourselves to be successful especially in the supply of specific equipment and services, both for the operating sector and for high-tech critical health areas"
WWW.PRINSOTEL.COM,http://www.prinsotel.com/,"AUG 15, 2024",20564,0 photos,15083 files,17.00 GB,Our hotels are distributed on the islands of Mallorca and Menorca and in the best locations so that you only have to worry about enjoying yourself.
HAWITA-GRUPPE,http://https//hawita.de,"AUG 15, 2024",18345,0 photos,257826 files,367.00 GB,"Thanks to a consistent corporate policy, a great deal of know-how and first-class employees, we have developed into one of the premium manufacturers of products for modern horticulture in the course of the company's over 100-year history. Our portfolio serves the most diverse areas of the ""green industry"" from hobby gardeners to commercial horticulture. Innovative spirit, absolute top products, customer orientation and seamless logistics - this is what we stand for with our name and our mission statement."
IEMSC.COM,http://https//iemsc.com,"AUG 15, 2024",14940,0 photos,16129 files,152.00 GB,"IEMS offers off-site manufactured Modular Solutions to its clients. In the heart of the City, State of the art Modular Factory is built on a 14,000 sq. ft. facility in Ras Al Khor to ensure the rapid delivery throughout to meet the requirements of our projects in U.A.E. The pre-fabricated modular frames are constructed in a controlled environment with precision to reduce the space constraints and increase efficiency, quality and reliability in a cost and time effective manner."
KINEMATICA.CH,http://www.kinematica.ch/,"AUG 15, 2024",13893,0 photos,2672 files,2.00 GB,"Discover Swiss-made dispersing solutions. Since 1962. At Kinematica, our core values of uncompromising quality, in-depth expertise, and continuous innovation drive our work. With meticulous attention to detail, transparent processes, and a genuine consultancy approach, we provide tailor-made solutions for every application, including the most challenging ones. Experience our commitment to excellence and customized solutions for your needs."
BRIGHTWIRES.COM.SA,http://www.brightwires.com.sa/,"AUG 15, 2024",13650,0 photos,14157 files,43.00 GB,"Bright Wires company Ltd. Is the general marketing, products and services Representative of many international vendors in Saudi Arabia, the Kingdom’s leading provider of telecommunication, enterprise information technology and electrical solutions. History Bright Wires history in the Kingdom goes back to 1989; it was providing simple business of Electrical & Power systems. Due to the rapid economic development in the Kingdom it has grown to offer a total enhanced portfolio of telecommunication, network, electrical products and services including consultation and implementation, business recovery and operations support."
PATTERSON HEALTH CENTER,http://https//pattersonhc.org/,"AUG 14, 2024",13734,35 photos,321380 files,270.00 GB,"Completed in 2019, Patterson Health Center combined two critical access hospitals in Anthony and Harper, Kansas. The new centrally located critical access hospital has 16 inpatient beds, a large emergency department with two trauma bays to support our trauma services."
CODACINC.ORG,http://www.codacinc.org/,"AUG 7, 2024",8621,14 photos,31412 files,9.00 GB,"CODAC, a non-profit organization based in Cranston, Rhode Island, has provided treatment, recovery and prevention services to individuals and families within local communities for more than 50 years. With seven locations across the state, and two correctional programs, CODAC is uniquely positioned to provide a wide range of outpatient and off-site services to those living with the challenges of substance use disorders and other behavioral healthcare issues."
WWW.SRMEDICALCENTER.ORG,http://www.srmedicalcenter.org/,"JUL 30, 2024",1322,10 photos,373454 files,293.00 GB,"The company Schneider Regional Medical Center was attacked by us, all infrastructure of the network was blocked. There were stolen the data, among which confidential information, private contracts, agreements, financial documentation, e-mail correspondence and many more, private particulars of staff and also large scale of information about clients. The information what we have will be available for downloading in 7 days"
"NEW TSI HOLDINGS, NYSC",http:// www.newyorksportsclubs.com,"JUL 29, 2024",4440,17 photos,96243 files,168.00 GB,"New York Sports Clubs and our family of brands was initially founded in 1973 in New York City, and is a chain of large, full-service, commercial"
CCJ.EDU.LB,http://www.ccj.edu.lb/,"JUL 28, 2024",6140,12 photos,12036 files,8.00 GB,"Central College of the Lebanese Monks aims at fostering and maintaining a positive, supportive, warm, safe, and effective environment conducive to both teaching and learning, one which promotes human values, tolerance, respect, understanding of the other, and love. Such an environment creates an engaging learning community which helps our students achieve and become efficient members of their society and, hopefully, the world."
NETWORK COMMUNICATIONS GROUP,http://www.netcomms.co.uk/,"JUL 27, 2024",16577,11 photos,139599 files,210.00 GB,"Network Communications Group is the parent company of Network Voice & Data, Fusion Four Telecoms, Meridian Options Systems Support, Bluebill Having operated since 1987 and celebrating over 35 successful years in the telecommunications industry, we have grown organically over the years by remaining innovative and in the forefront of technology. We build and encourage strong partnerships with our clients. A large part of this is our role as technology advisors, we don’t just supply technology, we help businesses understand where it can be put to best use. Operating throughout the UK, we also have an operating presence in Europe and Asia. Our business is to keep your business better connected and informed in the dynamic world of communications."
AYURCAN,http:// www.ayurcann.com,"JUL 26, 2024",18420,9 photos,5013 files,5.00 GB,"Ayurcann is a leading post-harvest solutions provider with a focus on providing and creating custom processes and pharma grade products. Within 18 months of entering the recreational Canadian cannabis industry, our products have paved the way, and set new standards that are shaping the future of cannabis. With simple yet effective business practices, we will continue to push quality, reliable, and affordable products to our consumers."
SIMPLE-SOLUTION-SYSTEMS,http://www.simsys.sg/,"JUL 24, 2024",19433,0 photos,240850 files,"1,590.00 GB","Simple Solution Systems Pte Ltd is a company that operates in the Custom Software & IT Services industry. It employs 20to49 people and has 5Mto10M. At SIMSYS, we provide a wide range of Solution services ranging from Infrastructure Setups, Third Party Application Installation and Configuration, to Turn-Key Application Solutions. See how SIMSYS can help you today.All data of this company will be available for download on 29.07.2024"
NEXT STEP HEALTHCAR,http://www.nextstephc.com/,"JUL 24, 2024",19465,16 photos,202755 files,96.00 GB,"The company “next step healthcare” was subjected to our attack, the entire infrastructure of the network was blocked. Absolutely all data was stolen. Among them is very sensitive information. Let the relevant authorities check the situation and pay attention to all violations and incidents. The management does not care about the confidentiality of their customers' data. They have made it clear that they are not ready to protect the interests of those who trusted them. Everyone whose documents have fallen into our hands will be given full instructions on how you can rob this stall to the last thread. We also officially declare that as soon as you make a new network we will attack you again, because we have a 0day vulnerability in our arsenal. We will show you all our power, so that it will serve as an example and a trigger for those who will think whether to cooperate with us or not. We also officially declare that in the near future there will be a series of attacks on medical institutions U.S.A"
EHS PARTNERSHIPS,http://www.ehsp.com/,"JUL 23, 2024",17904,0 photos,29898 files,51.00 GB,"EHSP is a full service firm built around professionals and leaders in the field of environmental and occupational health and safety (EHS / OH&S). Originally incorporated under the Business Corporations Act on August 13, 1996, the company was officially named EHS Partnerships Ltd. in 2005. In case this company does not get in touch. All the dates we have will be available for download in a week."
ON365.CO.UK,http:// www.on365.co.uk,"JUL 18, 2024",3160,7 photos,32158 files,20.00 GB,"on365 has been driving down costs, improving power and cooling efficiencies and managing risk since 1984. We provide expertise, support and the technical services to help prepare, design, acquire, install, maintain, optimise and upgrade your mission critical equipment assets in server rooms, edge closets, branch offices and datacentres, across the physical infrastructure. We’re Schneider Electric’s biggest service partner with the highest partner accreditations for their products, solutions, and services providing full quality assurance for your entire infrastructure."
ZSZAALEJI.CZ,http://www.zszaaleji.cz/,"JUL 17, 2024",21260,15 photos,20846 files,197.00 GB,"The history of the school began on September 1, 1975. Currently, the school provides education to more than 500 students in a modern, barrier-free and stimulating environment. Since 2014, classes with an educational approach according to Maria Montessori have been part of the school."
PREFEITURA DO JABOATÃO DOS GUARARAPES,http://www.jaboatao.pe.gov.br/,"JUL 16, 2024",3049,17 photos,1059347 files,"1,380.00 GB","Prefeitura Municipal do Jaboatão dos Guararapes operates in the Government Administration industry. It employs 1000+ people and has Revenue: $208 Million. We downloaded more than 500GB of data, pay attention on screenshots."
KMLG,http://www.kmlg.com/,"JUL 15, 2024",15729,9 photos,150287 files,145.00 GB,"Established in 1953, Kohinoor Textile Mills (KTML) is a textile manufacturing company headquartered in Punjab, Pakistan."
EPS.RS,http://www.eps.rs/,"JUL 5, 2024",23070,0 photos,133978 files,212.00 GB,"Joint Stock Company Elektroprivreda Srbije is the largest company in Serbia, representing economic and energy backbone of the country. Main activities of EPS JSC are electricity generation, supply, distribution and trading."
EASCHANGESYSTEMS,http://www.easchangesystems.com/,"JUL 5, 2024",22688,0 photos,490184 files,331.00 GB,"AS develops, produces and sells components and turnkey systems for quick tool changes on plastic injection molding machines as well as on presses, stamping and die casting machines. We supply components as well as full and semi-automatic systems for injection molding machines of all ages, sizes and manufacturers. From globally known brands to local machines, with clamping forces varying from 500 kN to 55,000 kN."
THE WACKS LAW GROUP,"http://www,wackslaw.net/","JUL 5, 2024",22832,0 photos,5727 files,17.00 GB,"The Wacks Law Group is a New Jersey-based law firm of dedicated attorneys who address clients’ issues with a deeply personal yet professional commitment. Our law firm serves clients throughout New Jersey and New York. Our extensive knowledge of the law coupled with our understanding of our clients’ needs has earned us an outstanding reputation. We provide clients with individual attention, reasonable fees for services and form solid relationships.We have a lot of data from this company in our hands. In the event that we do not come to an agreement, all data of the company and its customers will be published. SOON SOON ! YOU WILL KNOW EVERYTHING!"
MACCARINELLI.IT,http://www.maccarinelli.it/,"JUL 5, 2024",22249,0 photos,41357 files,33.00 GB,"Maccarinelli Srl is a company that operates in the Architecture & Planning industry. It employs 6-10 people and has $1M-$5M of revenue. The companyis headquartered in Paitone, Lombardy, Italy."
CASA SANTIVERI,http://www.santiveri.com/,"JUL 5, 2024",21894,0 photos,420207 files,204.00 GB,We are a fifth generation family business that began its journey at the end of the 19th century. We were pioneers in the natural food trade in Spain and contributed to the penetration and spread of European vegetarianism in Spain. About 300 GB of confidential data was downloaded.
ETATEAM.BE,http://www.etateam.be/,"JUL 5, 2024",21238,0 photos,57717 files,15.00 GB,European Team is an accountant in Brussels in the province of Province of Brussels in the Brussels-Capital region. The firm is established at Rue Joseph Druez 182. European Team and created on 03-02-1986. European Team is known under company number 428490273. The legal form of the company is SPRL. The firm on rue Rue Joseph Druez has 1 to 4 employees. At the bottom of this page you will find more data about this firm.
FELDA GLOBAL VENTURES HOLDINGS BERHAD,http://www.feldaglobal.com/,"JUL 5, 2024",21679,0 photos,226106 files,291.00 GB,"Founded in 2007 and headquartered in Kuala Lumpur, Malaysia, Felda Global Ventures Holdings Berhad, or FGV, is a holding company that has interestsin global agriculture such as soybean and canola products, palm oil, sugar products, and others.In a result of successful attack on this company we have captured a lot of data: private contracts, agreements, all financial documentation, projects, e-mail correspondence and much more. In a case if this company won't get in touch all data which we have will be accessible for download in a week."
MADERO,http://www.madero.ca/,"JUL 5, 2024",20996,0 photos,213579 files,350.00 GB,"Madero is a leading manufacturer and distributor of residential and commercial doors and hardware, from Western Ontario to British Columbia."
BIG ISSUE GROUP,http://www.bigissue.com/,"JUL 5, 2024",20763,0 photos,956277 files,530.00 GB,"UPGRADE! Soon we will start exhibiting the most interesting things and open our eyes to everything that Big Issue Group actually does. Soon you will all support our position. Follow the news. A company that wants to hide the fact of hacking and leakage of personal data. About 550 GB of confidential data was downloaded. - Personnel (copies of documents, personal data, etc.) - Contracts (all reports, partner data, etc.) - Finance (reports, transactions, income, etc.) - BigissueInvest (financial transactions, partners, contracts, etc.) - Private & Confidential and much more."
WATERGATE,http://www.thewatergatehotel.com/,"JUL 5, 2024",20753,0 photos,378376 files,289.00 GB,"The Watergate Hotel's flowing avant-garde architecture was designed by Luigi Moretti to emulate the mighty Potomac. Its stunning Ron Arad-designedinterior lives up to the building's original elegance. The Watergate Hotel takes classic elegance, bold mid-century modern design and adds all the extravagance and warmth of contemporary luxury. This one-of-a-kind hotel pays tribute to its own storied past alongside inventive outlets such as the Kingbird restaurant and The Next Whisky Bar."
MCS,http://www.mitchellcountychamber.org/,"JUL 5, 2024",20174,0 photos,105855 files,53.00 GB,"The mission of the Mitchell County Chamber of Commerce is to support business and promote community. The Chamber is made up of hundreds of businesses, industries and individual members whose goal is to promote Mitchell County, the surrounding region and its economy. The Chamber operates two locations in Mitchell County. The Mitchell County Visitor's Center is located in the Museum of N.C. Minerals, just off the Blue Ridge Parkway. The Visitor's Center greets tens of thousands of visitors each year and provides them with information about the county."
DR CHARLES A EVANS,http://www.charlesevansmd.com/,"JUL 5, 2024",19722,0 photos,9435 files,3.00 GB,"Dr. Charles Evans, MD. We are focusing on preventative medicine, healthy lifestyle, and healthy living. Nutrition, exercise, and weight loss are part of this overall goal."
JEAN-NOUVEL,http://www.jeannouvel.com/,"JUL 5, 2024",12628,0 photos,43461 file,314.00 GB,"AJN est l’un des plus grands cabinets d’architectes en France, avec plus de 40 projets en cours dans 13 pays et une équipe multiculturelle de plusde 140 professionnels. Le projet de l'équipe Jean Nouvel AJN, Jean-Marie Duthilleul AREP et Michel Cantal-Dupart pour le Grand Paris est Naissances et renaissances de mille et un bonheurs parisiens."
THE WEINSTEIN FIRM,http://www.weinsteinwin.com/,"JUL 5, 2024",12450,0 photos,147987 files,89.00 GB,"At The Weinstein Firm LLC, we operate on what is called a contingency fee basis. This means that you, as our client, pay no upfront fees and owe usnothing until we secure a favorable verdict or settlement on your behalf. To put it another way: You don't pay unless we win. Our contingency fee policy makes it risk-free to work with an Atlanta personal injury attorney from our office. Choose The Weinstein Firm LLC."
W.P.J. MCCARTHY AND COMPANY,http://www.wpjmccarthy.com/,"JUL 5, 2024",10545,0 photos,46124 files,70.00 GB,"W.P.J. McCarthy and Company is a privately owned full service real estate firm specializing in the purchase, conception, development, leasing, and management of our own privately held commercial real estate portfolio. As Landlords, we pride ourselves on working with our Tenants, trades, and other partners, to develop and manage properties that provide the communities we work in with great services and economic benefits. We pride ourselves on taking care of our property and giving the best service to our Tenants. Our motto is simple: “Take care of your property and it will take care of you”."
THOLEN BUILDING TECHNOLOGY GROUP,http://www.tholen-gebaeudetechnik.de/,"JUL 5, 2024",9585,0 photos,197793 files,344.00 GB,"We are a medium-sized building technology company and currently employ around 140 people. These are increasingly active in the Aachen, Cologne, Bonn, Düsseldorf, Duisburg and Essen areas. Of course, also beyond these limits."
WILLIAMSRDM.COM,http://www.williamsrdm.com/,"JUL 5, 2024",9490,0 photos,49507 files,104.00 GB,"Williams RDM is a Fort Worth-based research, development, and manufacturing company."
INFORIUS,http://www.inforius.be/,"JUL 5, 2024",9397,0 photos,31077 files,45.00 GB,"Created in 2009 by Guy Wauthier and Laurent Mimmo, it now has 50 employees. With different types of profiles (developers, consultants, system and network engineers, helpdesk and administrative employees, etc.), it has extended its field of skills to develop services of all types. Thanks to the experience acquired, it now offers 3 types of service: INFORIUS consultancy, INFORIUS public authorities and INFORIUS projects."
INTUITAE,http://www.intuitae.com/,"JUL 5, 2024",9093,0 photos,50664 files,40.00 GB,"Intuitae is one of the preeminent family office firms in Europe with bureaus in Paris, Geneva and Luxembourg. We assist more than 50 families whosefortune is at least 20 million Euros, advising them how to preserve their wealth and pass it on to future generations. We provide a comprehensive range of family office services: advice on financial investments, real estate and non-listed companies; support on legal and tax matters; assistance on administrative issues and budget; family governance and philanthropy. Intuitae is a team of 20 personnel directed by 4 partners and complemented by an active network of more than 80 professionals: lawyers, tax specialists, notary publics, etc."
MUNICIPALITÉ LA GUADELOUPE,http://www.munlaguadeloupe.qc.ca/,"JUL 5, 2024",5942,0 photos,1173 files,7.00 GB,"Municipalité La Guadeloupe is a company that operates in the Government industry. It employs 11-20 people and has $5M-$10M of revenue. The companyis headquartered in La Guadeloupe, Quebec, Canada."
CONSULTING RADIOLOGISTS,http://www.consultingradiologists.com/,"JUL 5, 2024",3550,0 photos,94667 files,70.00 GB,"Consulting Radiologists LTD is an independent radiology group based out of Minneapolis, providing a complete range of radiology services to the healthcare community, including outpatient imaging services. After 89 years of existence, CRL continues to remain a vibrant and independent practice, providing best-in-class radiology services with more than 75 physicians working throughout 26 on-site locations."
MCSWEENEY / LANGEVIN,http://www.westrikeback.com/,"JUL 5, 2024",3606,0 photos,126291 file,274.00 GB,McSweeney / Langevin is a national law firm. Our lawyers and staff have helped injured individuals seek justice against major insurance companies and corporations. Our team has recovered millions of dollars for thousands of injured clients.
FIAB SPA,http://www.fiab.it/,"JUL 5, 2024",3637,0 photos,304232 files,118.00 GB,"FIAB SpA is a company that operates in the Cosmetics industry. It employs 101-250 people and has $10M-$25M of revenue. The company is headquarteredin Vicchio, Tuscany, Italy"
PFAM,http://precisionflange.com/,"JUL 5, 2024",3530,0 photos,196708 files,144.00 GB,"Company dedicated to producing the highest quality product, at the best price."
LOGIMODAL OPERAÇÕES LOGÍSTICAS,http://www.logimodal.com.br/,"JUL 5, 2024",3526,0 photos,0 files,0.00 GB,"Roubamos e criptografamos 444 GB de dados confidenciais (contratos, finanças, faturas, recursos humanos, operações e muito mais). Contate-nos através da sala de chat ou divulgaremos os dados ao público. ------------------------------------------------------------- We stole and encrypted 444 GB of confidential data (contracts, finance, invoices, human resources, operations and much more). Contact us via the chatroom or we will release the data to the public."
GOLDEN ACRE,http://www.goldenacre.ca/,"JUL 5, 2024",3552,0 photos,55128 files,63.00 GB,"Golden Acre Garden Sentre. Calgary's garden centre since 1967 and still growing strong. With hundreds of thousands of square feet in retail space.Golden Acre carries a wide variety of Annuals, Perennials, Trees and Shrubs, Houseplants, Garden and Home Decor, as well as Outdoor Furniture and all that you need to create your garden oasis. We also provide Landscaping Services and Horticultural Expertise."
A-AGROUP,http://www.a-agroup.com/,"JUL 5, 2024",3679,0 photos,265684 files,685.00 GB,"A&A Group is a company that operates in the Construction industry. It employs 21-50 people and has $10M-$25M of revenue. The company is headquartered in Fairfield, New Jersey"
ST VINCENT DE PAUL CATHOLIC SCHOOL,http://www.svdpvikings.com/,"JUL 5, 2024",3587,0 photos,80697 files,104.00 GB,"St Vincent de Paul Catholic School is a company that operates in the Education industry. It employs 21-50 people and has $1M-$5M of revenue. The co mpany is headquartered in Peoria, Illinois"
HYDEFUEL.COM,http://www.hydefuel.com/,"JUL 5, 2024",3422,0 photos,38072 files,18.00 GB,"At Hyde Fuel, we offer competitive salaries, great benefits and a pleasant working environment. We are always looking for the ""best and brightest""service technicians, customer service representatives and administrative staff members to join our winning team. If you are interested in a position with Hyde Fuel, please send your resume to Linda@hydefuel.com or contact us here."
SVMASONRY.COM,http://www.svmasonry.com/,"JUL 5, 2024",3446,0 photos,27889 files,110.00 GB,"svmasonry.com Sun Valley Construction is a company that operates in the Construction industry. It employs 51-100 people and has $5M-$10M of revenue. The companyis headquartered in Phoenix, Arizona."
NORTHCOTTAGE.COM,http://www.northcottage.com/,"JUL 5, 2024",3426,0 photos,11692 files,6.00 GB,"The mission of the North Cottage Program, Inc. is to provide quality comprehensive residential substance addiction treatment to any addicted personwho desires recovery and meets the objective standards for admission and participation in the essential components of the program. Fulfillment of this mission is guided by these practices and principles: Provision of a safe, welcoming and supportive recovery environment. The availability of treatment regardless of the applicants ability to pay. Priority consideration for underserved or priority populations identified by North Cottage Program, Inc. and the Department of Public Health. An individualized recovery plan that promotes recovery and prepares residents for independent living and an alcohol and drug-free lifestyle upon completion of the program"
KINSLERFAMILYDENTISTRY,http://www.kinslerfamilydentistry.com/,"JUL 5, 2024",3518,0 photos,1359 files,9.00 GB,"kinslerfamilydentistry Frankfort Dentist - Kinsler Family Dentistry - Dental Care in Frankfort At Kinsler Family Dentistry, your smile is our top priority! Our entire team is dedicated to providing you with the personalized, quality dental care you deserve. During your visit, you will experience all that modern dentistry has to offer, including a list of general, restorative, and cosmetic dental services to meet the needs of the entire family. Our goal is to assist each patient in achieving and maintaining long-term dental health and a beautiful smile! We look forward to caring for you and your family's dental needs!"
SYNNOVIS,http://www.synnovis.co.uk/,"JUL 5, 2024",3077,0 photos,201174 files,613.00 GB,"Synnovis is a pathology partnership between Guy’s and St Thomas’ NHS Foundation Trust and King’s College Hospitals NHS Trust, and SYNLAB, Europe’s largest provider of medical testing and diagnostics."
PRINSOTEL.COM,http://www.prinsotel.com/,"JUL 5, 2024",3039,0 photos,0 files,0.00 GB,"With more than 50 years of family tradition, the Prinsotel hotels located on the captivating islands of Mallorca and Menorca, stand out in their own light, offering much more than just accommodation. They are homes that welcome each guest with warmth and hospitality, transforming each visit into an unforgettable experience. With a long history of excellence in service, they combine the incomparable beauty of their environments with unsurpassed quality in every detail. At Prinsotel, the family essence merges with the majesty of its landscapes, providing each visitor with an experience of luxury and comfort that lasts in their memories long beyond their stay."
POMALCA.COM.PE,http://www.pomalca.com.pe/,"JUL 5, 2024",2998,0 photos,19630 files,31.50 GB,"Empresa Agroindustrial Pomalca is a leading agribusiness company based in Chiclayo, Peru. It is one of the country's major sugar producers. The company has more than in sugar cane for production of sugar, molasses, and bagasse, in addition to other agricultural exports from its factory in coastal Lambayeque Region, Peru. It is an exporter of refined sugar to the United States."
THE SEATTLE PUBLIC LIBRARY,http://www.spl.org/,"JUL 5, 2024",2343,13 photos,0 files,0.00 GB,"The Seattle Public Library (SPL) is the public library system serving the city of Seattle, Washington. Efforts to start a Seattle library had commenced as early as 1868, with the system eventually being established by the city in 1890. The system currently comprises 27 branches, most of which are named after the neighborhoods in which they are located. The Seattle Public Library also includes Mobile Services and the Central Library, which was designed by Rem Koolhaas and opened in 2004. The Seattle Public Library also founded the Washington Talking Book & Braille Library (WTBBL), which it administered until July 2008. UPGRADE! Soon we will start exhibiting the most interesting things and open our eyes to everything that The Seattle Public Library actually does. Follow the news. A company that wants to hide the fact of hacking and leakage of personal data. About 500 GB of confidential data was downloaded. - Personnel (copies of documents, personal data, etc.) - Contracts (all reports, partner data, etc.) - Finance (reports, transactions, income, financial transactions, partners, contracts, etc.) - Private & Confidential and much more."
COMMONWEALTH SIGN,http://www.commonwealthsign.com/,"FEB 3, 2024",2889,14 photos,8998 files,32.00 GB,The company has chosen to ignore us means its data will be open and available for download below.
MORDFIN,http://www.mordfin.com/,"JAN 28, 2024",12289,22 photos,323965 files,314.00 GB,"The Mordfin Group was founded in 1922. The company provides accounting, tax, real estate, luxury, auditing, and estate planning services.Now you can download all data from this company."
NEAFIDI,http:// neafidi.it,"JAN 25, 2024",16881,10 photos,102516 files,88.00 GB,"On February 2, we will publish personal data, financial statements and other confidential information"
WANNAGOCLOUD,http://wannagocloud.com/,"JAN 25, 2024",16415,0 photos,26989 files,145.00 GB,you have a few days left until your customers are hurt by you.
PROJECTSW,http://www.projects-world.com/,"JAN 19, 2024",26640,14 photos,10115 files,103.00 GB,"The company makes a decision to ignore us, all personal data are open and available for download below."
F J O'HARA & SONS,http://www.fjohara.com/,"JAN 9, 2024",31140,17 photos,0 files,0.00 GB,"F J O'Hara & Sons Inc is a company that operates in the Information Technology and Services industry. It employs 11-20 people and has $5M-$10M of revenue. The company is headquartered in Boston, Massachusetts. We have a lot of data from this company in our hands. In the event that we do not come to an agreement, all data of the company and its customers will be published."
HALLEONARD,http://www.halleonard.com.au/,"JAN 8, 2024",43913,10 photos,175453 files,75.00 GB,"We are a subsidiary of Hal Leonard Corporation who, founded in 1947, is the world leader in the print music industry. Selling products in more than 65 countries around the world, Hal Leonard Corporation represents in print some of the world's best known and respected artists including The Beatles, Miles Davis, Diana Krall, Justin Timberlake and Stevie Wonder as well as the music of Irving Berlin, and Rodgers & Hammerstein. In a result of successful attack on this company we have captured a lot of data: private contracts, agreements, all financial documentation, projects, e-mail correspondence and much more. In a case if this company won't get in touch all data which we have will be accessible for download in a week."
MOLNAR&PARTNER,http://https//www.molnar-bischof.de/,"JAN 8, 2024",40402,15 photos,327914 files,59.00 GB,All data of this company will be available for download on 15.01.2024
CORINTH COCA-COLA BOTTLING WORKS,http://corinthcoke.com/,"DEC 30, 2023",43195,7 photos,141592 files,183.00 GB,"Corinth Coca-Cola Bottling Works Grocery Retail · Mississippi, United States · 109 Employees About Corinth Coca-Cola Bottling Works Inc.: Corinth Coca-Cola Bottling Works, Inc. is a privately held, family-owned Coca-Cola bottling and distribution company. Founded by Avon Kenneth Weaver in 1907 in Corinth, Miss. Weaver descendants continue to own and operat. We have a lot of data from this company in our hands. In the event that we do not come to an agreement, all data of the company and its customers will be published."
EPS.RS,http://eps.rs/,"DEC 24, 2023",47937,24 photos,133978 files,212.00 GB,The first part is available for download. The second will be available for download on January 27
CMS COMMUNICATIONS,http://www.cmsc.com/,"DEC 4, 2023",105886,19 photos,0 files,0.00 GB,"CMS Solutions, founded in 1985, is a communications solutions provider. It offers new and refurbished voice, data, mobile products, advanced IP telephone systems and technical support. CMS Solutions serves a wide range of organizations from medium-sized businesses. In the course of a successful attack on this company, we seized more than 500 gigabytes of data. Private contracts, agreements, all financial documentation. Email correspondence and much more. In case this company does not get in touch. All the dates we have will be available for download in a week."
GREAT LAKES TECHNOLOGIES,http://www.greatlakestech.net/,"DEC 4, 2023",103953,16 photos,0 files,0.00 GB,"Great Lakes Technologies & Manufacturing LLC promotes a culture of innovation and is committed to eliminating waste, costly duplication of efforts and production start-up problems for our customers. We accomplish this by providing proprietary technologies. 200gb data The entire date will be in public in a week."
NEUROLOGY CENTER OF NEVADA,http://neurocnv.com/,"DEC 4, 2023",99952,9 photos,94567 files,198.00 GB,Neurology Center of Nevada™s medical team specializes in the diagnosis and treatment of the Nervous System and Neurological Disorders. Soon you will be able to download all the data taken from this company.
WARE MANUFACTURING,http://www.warepet.com/,"DEC 4, 2023",99310,10 photos,227627 files,194.00 GB,"Family-owned for 25 years, we make innovative, fun products that enrich the lives of pets and their people, at a great value.Soon you will be able to download all the data taken from this company."
YANFENG,http://yanfeng.com/,"NOV 27, 2023",111450,23 photos,123405 files,525.00 GB,"Yanfeng is a leading global automotive supplier, focusing on interior, exterior, seating, cockpit electronics, and passive safety, and is exploring new business actively. Yanfeng has more than 240 locations and approximately 57,000 employees worldwide. Below are screenshots confirming that we have a lot of sensitive information in our possession Which will be released in the coming days."
EPSTEIN LAW,http://epsteinlawcorp.com/,"NOV 14, 2023",131470,0 photos,0 files,0.00 GB,"Established in 1958, Epstein Law serves clients throughout the Greater Vancouver Area. Led by Mark Epstein, we have a reputation for providing quality and professional legal services Soon you will be able to download all the data taken from this company."
HAESUNG DS CO LTD,http://haesungds.com/,"NOV 14, 2023",129699,6 photos,341893 files,393.00 GB,Haesung DS has been a global leader in the semiconductor market since its establishment. Our business consists of lead frame and PKG substrates. Also most of our products are exported to global semiconductor customers. Company data will be made available for download below! Password for zip: P@ssw0rd!
UNIQUE-RELATIONS.AT,http://unique-relations.at/,"NOV 5, 2023",150949,5 photos,46541 file,54.00 GB,We will publish data on next week
ASSURIUS.BE,http://assurius.be/,"NOV 5, 2023",151569,6 photos,0 files,0.00 GB,Coming soon...
SG WORLD,http://sgworld.com/,"OCT 26, 2023",169965,0 photos,9 files,63.00 GB,Company data will be made available for download below
CARDIOVASCULAR CONSULTANTS LTD,http://cvcheart.com/,"OCT 25, 2023",172136,0 photos,520961 file,206.00 GB,You can download all personal data of clients and employees of this company below
"PAUL-ALEXANDRE DOÏCESCO, NOTAIRES ASSOCIÉS",http://notairedoicesco.be/,"OCT 25, 2023",164321,10 photos,0 files,0.00 GB,The company has chosen to ignore us means its data will be open and available for download below.
DITRONICS FINANCIAL SERVICES,http://ditronics.com/,"OCT 4, 2023",159795,39 photos,506068 files,412.00 GB,"""DiTRONICS continues to define the future of funds access with a fully integrated suite of products and services that includes ATMs, Ticket Redemption Kiosks, Check Guarantee Software, Cash Advance Software, and now offers a Title 31 compliance solution."" Our team will soon begin publishing drawings of ATMs and other devices of this company. Money laundering methods and many non-disclosure agreements."
SIAMESE ASSET,http://siameseasset.co.th/,"SEP 26, 2023",208232,19 photos,110298 files,249.00 GB,In the near future we will be publishing more data related to very interesting money laundering schemes. The state should be interested in what these guys are doing :) password: fbhdfkbkhb223SS
CORTEL TECHNOLOGIES,http://cortel.com/,"SEP 11, 2023",225678,0 photos,64583 files,71.00 GB,Cortel is a cloud technology vendor that partners with businesses to deploy phone systems that connect customers to businesses. Below you can see a small part of the data which were taken from the servers of this company.
WACOAL,http://wacoal-america.com/,"SEP 8, 2023",218999,0 photos,23870 files,75.00 GB,"Wacoal America is an apparel & fashion company specializing in lingerie and intimate wear. In the near future, we will publish a large leak from the network of this company. Including all customer data."
GYP NEW TREE SA,http://newtree.com.ar/,"AUG 28, 2023",234196,0 photos,27481 file,58.00 GB,"GYP NEW TREE SA is a wholesale importer operating in the market since 1998, marketing brands that are synonymous with excellence and innovation. We integrate the value chain of these brands, either with local assembly of PCs and AIOs, or with technical and after-sales service. Password: m/er7gd2323"
THONBURI ENERGY STORAGE SYSTEMS (TESM),http://mercedes-benz.co.th/,"AUG 7, 2023",278146,5 photos,79986 files,152.00 GB,The company has decided not to contact our team in any way so we are starting a large publication of various documents At the moment you can read the screenshots below The first part of the files is provided below password: passwordtesm
"BETTER SYSTEM CO.,LTD",http://www.bettersystem.co.th/,"JUL 12, 2023",286460,0 photos,0 files,0.00 GB,Some of the data taken from the servers of this company can be found below
MICROPORT SCIENTIFIC / LIVANOVA,http://microport.com/,"JUL 11, 2023",271009,5 photos,0 files,0.00 GB,"Our team has prepared a big announcement for the public to check out some interesting files of this company. In addition to developments ( 1 ). We will publish terabytes of various data from European and Chinese servers. To start with, we will publish financial information that does not pose a big threat to the company's credibility. There will be more to come. We are in the process of adding sample files to this blog. If the company does not respond to this incident, we will start posting dozens of similar archives. Archive password: passwordcrm"
ASIC SOLUCIONES,http://https//asicamericas.com/,"JUL 4, 2023",245275,0 photos,0 files,0.00 GB,Data leak will be published next wednesday (2023-07-12)
DAIWA HOUSE INDUSTRY CO.,http://medexs.com/,"JUN 22, 2023",251230,3 photos,429008 files,734.00 GB,"Daiwa House Industry Co., Ltd. is Japan's largest homebuilder, specializing in prefabricated houses. The company is also engaged in the construction of factories, shopping centers, health care facilities, the management and operation of resort hotels, golf courses and fitness clubs. One of the biggest leaks in recent memory. These guys didn't believe us that we had that much data taken from their servers. Hopefully now they'll be convinced of that. The company decided to ignore the huge data leak. So you can see some of what we got from their servers."
PRINTMARKSOLUTION,http://printmarksolution.com/,"JUN 9, 2023",246816,6 photos,5185 files,19.00 GB,"Distributor of production date, expiry date, barcode, lot number, quality products imported from Europe by a team of professionals with more than 15 years of experience in industrial printing. we are committed to providing quality service, attentive and responsible to customers to ensure the highest satisfaction of our customers."
IECM COMPANY LIMITED,http://https//www.iecm.co.th,"JUN 9, 2023",249039,8 photos,15087 files,9.00 GB,"iECM Company Limited is one of the leading firm of Engineering and Consultancy Services in Thailand. Our company is proud of its successful record of the achievements, which bring its stock of experience, know-how, capabilities to bear when finding solutions for demanding engineering tasks. We are assure our quality of services in the high standard accordings to Quality Management System, certified by BVQI"
DEL BONO HOTEL,http://https//delbonohotels.com,"JUN 9, 2023",233293,0 photos,5096 files,67.00 GB,"Del Bono Hotels, the most important chain of hotels with function rooms for events, in San Juan Argentina. The data taken from the company's servers is shown below."
ASZ GMBH & CO,http://asz-gmbh.de/,"JUN 8, 2023",213101,7 photos,96251 file,116.00 GB,"The object of the company is the acquisition and management of shareholdings in service companies on the basis of the Occupational Safety Act and the Occupational Safety Act, as well as the assumption of personal liability and management in these, in particular the participation as a personally liable managing partner in ASZ GmbH & Co KG in Ahlen, the object of which is the provision of services in accordance with the Occupational Safety Act."
"CLARITY WATER TECHNOLOGIES, LLC",http://https//claritywatertech.com,"JUN 7, 2023",219833,0 photos,66745 files,83.00 GB,"Clarity Water Technologies specializes in comprehensive industrial and commercial water treatment that includes expert consulting and cutting-edge chemistry, as well as a full service team to support facility needs . Some of the data taken from their servers are listed below."
AWM GLOBAL ADVISORS,http://https//awmga.com/,"JUN 7, 2023",206104,0 photos,17076 files,10.00 GB,AWM offers security backed loans and margin account lending at very competitive rates. You'll soon see for yourself how much these guys care about the privacy of their customers and employees.
ASCENTIA GROUP PTY LTD,http://https//ascentia.us,"JUN 4, 2023",210227,0 photos,85409 files,137.00 GB,"Ascentia is a independent Civil Engineering Contracting company that services the Defence, Civil Infrastructure Construction and the Oil & Gas Industries. The data taken from the company's servers is shown below."
"CONLEY & WIRICK, P.A.",http://https//conleywirick.com,"JUN 4, 2023",207499,0 photos,30048 files,59.00 GB,"Conley & Wirick, P.A. has served the communities of Bath and Midcoast Maine for more than forty years, and today our attorneys are still committed to serving the people of our community and solving their problems. Lawyers always like to throw around pretty words and lie about how they ensure the privacy of their clients. Let's see it in practice."
OPPIDA ESTATES LIMITED,http://https//oppida.com/,"MAY 22, 2023",211889,0 photos,9624 files,16.00 GB,Oppida is a real estate agency that provides a wide range of modern spaces and apartment complexes for rent and sale. The data of ordinary and wealthy (very) customers you will be able to observe in the very near future. By the way personal data and exact addresses can be used in different ways).
SMDEA,http://https//smdea09.fr/,"MAY 22, 2023",192483,0 photos,5008 files,5.00 GB,"The SMDEA, a public operator, is an intermunicipal cooperation tool specializing in the areas of water and sanitation; domestic cycle and large cycle. The company decided to ignore the gigabytes of data taken from their servers. pass for archive: LKJSGHUJSVUI87nHJ7655^&$%&Guy54 That's why you'll soon see some of it in the public domain"
KANNANGARA THOMSON,http://https//www.ktlaw.co.nz/,"MAY 19, 2023",180738,0 photos,7 files,68.00 GB,"Christchurch Lawyers, Kannangara Thomson provides advice on the law and a full range of legal services including family law, employment law and conveyancing Some of this company's data will be uploaded shortly. All the personal data of their employees as well as a large amount of information on their customers."
MAIER SANITÄR-TECHNIK GMBH,http://https//www.maier-sanitaer.de,"MAY 19, 2023",156282,0 photos,21074 files,33.00 GB,"Maier sanitary technology GmbH is mentioned in public sources in the context of the following products and services. Customer service, hall construction and heating technology are the most common. Some of this company's data will be uploaded shortly. All the personal data of their employees as well as a large amount of information on their customers."
HECTOR MARTINEZ SOSA Y CIA SA,http://https//hmsosa.com,"MAY 19, 2023",156466,0 photos,22887 files,63.00 GB,"HMSOSA is a group of companies in the insurance industry, responding to all the needs of individuals, companies and organizations, public and private. We have our own offices in CABA, Rio Grande, Ushuaia, Rio Gallegos, Vicente Lopez and Mar del Plata, as well as associated offices in Puerto Madryn and Rawson. In the coming days, we will see how this company cares about the data of its customers. If they are not interested in communicating with us, then they will communicate with clients in court, because we have a lot of interesting documents."
EYEDOCS OTTAWA,http://https//eyedocsottawa.com,"MAY 4, 2023",156128,0 photos,57908 files,12.00 GB,"The company has decided not to care about its customers' data. Therefore, we are forced to publish their data. You can download the first part at the link below pass for archive: ys5YHSpkbp;sYT5&^%,FPERLHP"
"GROPPER & NEJAT, PLLC",http://https//www.groppernejat.com/,"MAY 3, 2023",148709,0 photos,18569 files,16.00 GB,Another company that decided it was a good idea to ignore our team. We will now post their customer data in pieces. Pass for archive: moR~?HHJ%IqTymMH7XHv$o7fi
SIIX CORPORATION,http://https//www.siix.co.jp,"APR 30, 2023",126396,0 photos,1 file,29.00 GB,We warned this company about the imminent publication. They decided to hide and forget about this kind of leak. We publish some of the data leaked from their servers.
SIPPEX,http://https//www.sippex.com,"APR 12, 2023",133386,11 photos,21791 file,171.00 GB,Another company that does not care about the data of its employees and customers at all. Publishing another leak. Let's add some data taken from them. So that people understand who they are working with and who they are giving their data to in the hope that it will be secure.
ATTENT ZORG EN BEHANDELING,http://https//www.attentzorgenbehandeling.nl/,"MAR 1, 2023",181170,6 photos,0 files,0.00 GB,"Dear friends decided to deceive us and their customers, saying that everything works fine for them and there were no serious leaks in the network. https://www.attentzorgenbehandeling.nl/nieuws/update-ongeautoriseerde-toegang-it-systemen We won't tell anyone that they haven't fixed a vulnerability in their network yet :) And our team will continue to download files from there, in addition to the already downloaded several hundred gigabytes"
FSMSOLICITORS.CO.UK,http://https//fsmsolicitors.co.uk/,"FEB 24, 2023",179076,0 photos,0 files,0.00 GB,"DB Backups: FSM_backup Isokon2_backup Isokon2CGT_backup Partner_backup PartnerTCDatabase_backup TCDatabase_backup Dept_data - internal data including accounts, commercial information, ligitation etc. Isocon documents Client's data including passports, driving licenses, medical information etc. A lot of scans 2022-2023 with different information Some docs including various agreements, statements and other documentation between the company and customers"
GIGATRON.RS,http://https//gigatron.rs/,"FEB 20, 2023",184070,0 photos,0 files,0.00 GB,"Gigatron downloaded data overview: From 172.31.244.50: DB backups of shops: G1-G69, G88, G89 From 172.31.248.10: DB backups: CTRetail_backup CTRetailWSRepl_backup GigatronWMS_Sync_backup From 192.168.2.144: employee disability sheets (3154 files) github backups CTG Platne liste (56k pdf-files) From 192.168.2.24: MSSQL_BackUp_ImportantDB: CTRetail_Arhiva_2013_backup CTRetail_Arhiva_2015_backup CTRetail_Arhiva_2017_backup CTRetail_Arhiva_2018_backup CTRetailWSRepl_backup GigaSoft_Halo_backup GigatronWMS_Sync_backup total amount of downloaded data: 171 Gb"
EMTELCO,http://emtelco.com.co/,"NOV 9, 2022",258117,6 photos,0 files,0.00 GB,"EMTELCO SA is a company that operates in the Outsourcing/Offshoring industry. It employs 101-250 people and has $25M-$50M of revenue. We also have several hundred gigabytes of data. Data of all large clients (corporate), non-disclosure documents and a lot of interesting things. We will post examples until someone decides to buy such information from us."
LOJAS TORRA,http://lojastorra.com.br/,"NOV 9, 2022",256380,6 photos,0 files,0.00 GB,Lojas Torra is a fashion retailer that provides fashion accessories and products. We have all the data of customers and employees and we are ready to share them with you...
CONTEMPO CARD,http://contempocard.com/,"NOV 9, 2022",256154,0 photos,0 files,0.00 GB,"Vark Sr worked with his father in the jewelry manufacturing business in Rhode Island. In the 80’s, Providence, RI was the jewelry capital of the world, and everyone wanted a piece of the jewelry pie. Vark Sr noticed something odd: while there were hundreds upon hundreds of jewelry manufacturers, there was only one jewelry packaging supplier. Our team received interesting information from the servers of this company, we will share it with you"
ROBERT BERNARD,http://robertbernard.com/,"NOV 9, 2022",250479,6 photos,0 files,0.00 GB,"Since its founding in 1950, Robert Bernard Pneus et Mécanique has become one of the largest tire retailers in Quebec. Thanks to our solid distribution network, we are able to serve our customers throughout Quebec. It's time to showcase what our team was able to find on this company's servers. Spoiler: they don't care about the safety of their customers and employees."
DIALOG INFORMATION TECHNOLOGY,http://dialog.com.au/,"NOV 6, 2022",251452,6 photos,0 files,0.00 GB,"Dialog Information Technology is one of Australia's leading technology services organisations trading nationally from offices in Brisbane, Sydney, Canberra, Melbourne, Adelaide, Perth and Darwin. Established in 1979, Dialog employs over 1,200 information technology specialists"
